State_Clean,Magnitude_Zone,Persistence_Group,N,Magnitude_Mean_MWh,Median_Price
deficit,0-P25,QH1,945,2.530729094179894,228.45
deficit,0-P25,QH2,544,2.519994476102941,188.595
deficit,0-P25,QH3,396,2.4963686792929294,157.52499999999998
deficit,0-P25,QH4+,2865,2.4979099431064573,65.94
deficit,P25-P50,QH1,741,8.11604048582996,208.05
deficit,P25-P50,QH2,510,8.160113725490197,190.0
deficit,P25-P50,QH3,387,8.169865633074934,185.73
deficit,P25-P50,QH4+,3178,8.250434550031466,22.96
deficit,P50-P75,QH1,629,15.607718600953893,180.18
deficit,P50-P75,QH2,455,15.82074065934066,171.23
deficit,P50-P75,QH3,345,15.892626086956522,146.78
deficit,P50-P75,QH4+,2986,15.846541862022772,11.125
deficit,P75-P90,QH1,307,26.56097719869707,59.59
deficit,P75-P90,QH2,266,26.695289473684213,123.34
deficit,P75-P90,QH3,197,26.67694416243655,143.3
deficit,P75-P90,QH4+,2189,26.494145271813615,9.07
deficit,P90-P95,QH1,105,37.77455238095238,-25.27
deficit,P90-P95,QH2,101,37.84770297029703,64.58
deficit,P90-P95,QH3,72,37.64691666666667,92.35499999999999
deficit,P90-P95,QH4+,727,37.86427372764787,1.0
deficit,P95-P99,QH1,89,51.67626966292135,-449.59
deficit,P95-P99,QH2,88,51.72278409090909,160.3
deficit,P95-P99,QH3,70,51.066457142857146,182.2
deficit,P95-P99,QH4+,527,52.01225426944971,6.83
deficit,P99+,QH1,17,83.54717647058823,-151.38
deficit,P99+,QH2,17,83.54717647058823,45.4
deficit,P99+,QH3,15,84.65146666666666,84.59
deficit,P99+,QH4+,31,89.7091935483871,-196.86
surplus,0-P25,QH1,987,2.5881854002026343,699.97
surplus,0-P25,QH2,508,2.6749507755905513,764.7149999999999
surplus,0-P25,QH3,344,2.666874988372093,798.97
surplus,0-P25,QH4+,2173,2.7650888113207546,957.43
surplus,P25-P50,QH1,707,8.068237623762375,744.0
surplus,P25-P50,QH2,454,8.17512114537445,789.235
surplus,P25-P50,QH3,349,8.19976217765043,799.87
surplus,P25-P50,QH4+,2450,8.416477959183673,969.5
surplus,P50-P75,QH1,663,15.765719457013576,874.82
surplus,P50-P75,QH2,506,15.887031620553358,861.385
surplus,P50-P75,QH3,368,15.957135869565217,878.32
surplus,P50-P75,QH4+,2812,15.827512091038408,1028.88
surplus,P75-P90,QH1,315,26.580266666666667,982.96
surplus,P75-P90,QH2,260,26.78346923076923,916.755
surplus,P75-P90,QH3,198,26.83719191919192,856.1800000000001
surplus,P75-P90,QH4+,1500,26.98409266666667,999.105
surplus,P90-P95,QH1,94,36.872925531914895,1392.81
surplus,P90-P95,QH2,84,36.86861904761905,935.905
surplus,P90-P95,QH3,65,36.56798461538461,932.17
surplus,P90-P95,QH4+,503,37.112,1094.94
surplus,P95-P99,QH1,58,51.62963793103448,4232.18
surplus,P95-P99,QH2,55,51.790890909090905,1828.93
surplus,P95-P99,QH3,50,51.57618,992.345
surplus,P95-P99,QH4+,484,52.17823966942149,1027.85
surplus,P99+,QH1,12,80.72125,3674.135
surplus,P99+,QH2,12,80.72125,2511.355
surplus,P99+,QH3,12,80.72125,1125.77
surplus,P99+,QH4+,215,77.5802465116279,1130.77
