State,Magnitude_Zone,Persistence,Delta_vs_QH1
deficit,0-P25,QH2,-39.85499999999999
deficit,0-P25,QH3,-70.92500000000001
deficit,0-P25,QH4+,-162.51
deficit,P25-P50,QH2,-18.05000000000001
deficit,P25-P50,QH3,-22.32000000000002
deficit,P25-P50,QH4+,-185.09
deficit,P50-P75,QH2,-8.950000000000017
deficit,P50-P75,QH3,-33.400000000000006
deficit,P50-P75,QH4+,-169.055
deficit,P75-P90,QH2,63.75
deficit,P75-P90,QH3,83.71000000000001
deficit,P75-P90,QH4+,-50.52
deficit,P90-P95,QH2,89.85
deficit,P90-P95,QH3,117.62499999999999
deficit,P90-P95,QH4+,26.27
deficit,P95-P99,QH2,609.89
deficit,P95-P99,QH3,631.79
deficit,P95-P99,QH4+,456.41999999999996
deficit,P99+,QH2,196.78
deficit,P99+,QH3,235.97
deficit,P99+,QH4+,-45.48000000000002
surplus,0-P25,QH2,64.74499999999989
surplus,0-P25,QH3,99.0
surplus,0-P25,QH4+,257.4599999999999
surplus,P25-P50,QH2,45.235000000000014
surplus,P25-P50,QH3,55.870000000000005
surplus,P25-P50,QH4+,225.5
surplus,P50-P75,QH2,-13.43500000000006
surplus,P50-P75,QH3,3.5
surplus,P50-P75,QH4+,154.06000000000006
surplus,P75-P90,QH2,-66.20500000000004
surplus,P75-P90,QH3,-126.77999999999997
surplus,P75-P90,QH4+,16.144999999999982
surplus,P90-P95,QH2,-456.905
surplus,P90-P95,QH3,-460.64
surplus,P90-P95,QH4+,-297.8699999999999
surplus,P95-P99,QH2,-2403.25
surplus,P95-P99,QH3,-3239.835
surplus,P95-P99,QH4+,-3204.3300000000004
surplus,P99+,QH2,-1162.7800000000002
surplus,P99+,QH3,-2548.3650000000002
surplus,P99+,QH4+,-2543.3650000000002
